compound_id,name,synonyms,smiles,inchikey,molecular_formula,smiles_source_type,smiles_source_id,class_label,label_basis,label_confidence,hard_pair_group,chemotype,pdb_ids,chembl_id,notes
REF001,LSD,lysergic acid diethylamide;LSD-25,CCN(CC)C(=O)[C@H]1CN([C@@H]2CC3=CNC4=CC=CC(=C34)C2=C1)C,VAYOSLLFUXYJDT-RDTXWAMCSA-N,C20H25N3O,pubchem,CID5761,hallucinogen,human,high,ergoline_triad,ergoline,9AS3,CHEMBL5090,Archetypal hallucinogen. Positive control for every separation test.
REF002,psilocin,4-HO-DMT;psilocine,CN(C)CCC1=CNC2=C1C(=CC=C2)O,SPCIYGNTAMCTRO-UHFFFAOYSA-N,C12H16N2O,pubchem,CID4980,hallucinogen,human,high,,tryptamine,9AS7,CHEMBL65547,Active metabolite of psilocybin.
REF003,DMT,N N-dimethyltryptamine,CN(C)CCC1=CNC2=CC=CC=C21,DMULVCHRPCFFGV-UHFFFAOYSA-N,C12H16N2,pubchem,CID6089,hallucinogen,human,high,tryptamine_pair,tryptamine,9AS1,CHEMBL12420,Parent tryptamine. Pairs against tabernanthalog.
REF004,mescaline,3 4 5-trimethoxyphenethylamine,COC1=CC(=CC(=C1OC)OC)CCN,RHCSKNNOAZULRK-UHFFFAOYSA-N,C11H17NO3,pubchem,CID4076,hallucinogen,human,high,,phenethylamine,9AS5,CHEMBL26687,Low potency but unambiguously hallucinogenic in humans.
REF005,DOI,2 5-dimethoxy-4-iodoamphetamine,CC(CC1=CC(=C(C=C1OC)I)OC)N,BGMZUEKZENQUJY-UHFFFAOYSA-N,C11H16INO2,pubchem,CID1229,hallucinogen,rodent_HTR,high,,phenethylamine,,CHEMBL6616,Reference HTR-positive agonist; standard rodent tool compound.
REF006,25CN-NBOH,NBOH-2C-CN,COC1=CC(=C(C=C1CCNCC2=CC=CC=C2O)OC)C#N,VWEDZTZAXHMZIL-UHFFFAOYSA-N,C18H20N2O3,pubchem,CID90489020,hallucinogen,rodent_HTR,high,,phenethylamine_nbx,6WHA,CHEMBL5184791,Native ligand of 6WHA. Also the redocking validation target.
REF007,lisuride,lisuride free base,CCN(CC)C(=O)N[C@@H]1CN([C@@H]2CC3=CNC4=CC=CC(=C34)C2=C1)C,BKRGVLQUQGGVSM-KBXCAEBGSA-N,C20H26N4O,pubchem,CID28864,non_hallucinogen,human,high,ergoline_triad,ergoline,8UWL,CHEMBL1200500,THE critical negative. Differs from LSD by one amide-to-urea swap. If the pipeline cannot separate REF001 from REF007 the method does not work.
REF008,2-bromo-LSD,BOL-148;bromolysergide,CCN(CC)C(=O)[C@H]1CN([C@@H]2CC3=C(NC4=CC=CC(=C34)C2=C1)Br)C,VKRAXSZEDRWLAG-SJKOYZFVSA-N,C20H24BrN3O,pubchem,CID10171,non_hallucinogen,human,high,ergoline_triad,ergoline,9ARZ,,LSD plus one bromine. Non-hallucinogenic in humans. Second half of the hardest pair in the set.
REF009,tabernanthalog,TBG,CN1CCC2=C(CC1)NC3=C2C=CC(=C3)OC,FNGNYGCPNKZYOG-UHFFFAOYSA-N,C14H18N2O,pubchem,CID146026994,non_hallucinogen,rodent_HTR,high,tryptamine_pair,azepinoindole,,,NOT an isoquinuclidine - that is ibogaine. TBG is an azepinoindole; the isoquinuclidine was deliberately removed. See DECISIONS.md ADR-004.
REF010,zalsupindole,AAZ-A-154;DLX-001,C[C@H](CN1C=CC2=C1C=CC(=C2)OC)N(C)C,KHEUWLQKCXGVEL-LLVKDONJSA-N,C14H20N2O,pubchem,CID154694212,non_hallucinogen,rodent_HTR,medium,,isodmt,,,"Structure IS public, contrary to initial assumption. Resolved via PubChem synonym chain zalsupindole -> AAZ-A-154. Confidence medium pending human confirmation that the INN maps to this exact structure - see TODO in SOURCES.md."
REF011,IHCH-7086,,CN1CCN2[C@H]3CCN(C[C@H]3C4=C2C1=CC=C4)CCCC5=CC=CC=C5OC,WFYFRJAKNJVZMP-SFTDATJTSA-N,C24H31N3O,pubchem,CID162421364,non_hallucinogen,rodent_HTR,high,,azepinoindole_fused,7WC9,,Partial agonist. Native ligand of 7WC9. Supports the partial-agonism proxy (ADR-007).
REF012,RS130-180,,,,,not_resolved,,non_hallucinogen,inferred,low,,ergoline,9AS9,,"beta-arrestin-biased. Native ligand of 9AS9; extract SMILES from the PDB chemical component rather than by name lookup. BLOCKED - see SOURCES.md."
REF013,6-fluoro-DET,6-F-DET,CCN(CC)CCC1=CNC2=C1C=CC(=C2)F,RPWUTEXLVPDNEA-UHFFFAOYSA-N,C14H19FN2,pubchem,CID17371,non_hallucinogen,human,medium,,tryptamine,,,Classic non-hallucinogenic tryptamine 5-HT2A agonist. Useful second tryptamine-class negative.
REF014,serotonin,5-HT;5-hydroxytryptamine,C1=CC2=C(C=C1O)C(=CN2)CCN,QZAYGJVTTNCVMB-UHFFFAOYSA-N,C10H12N2O,pubchem,CID5202,non_hallucinogen,human,high,,tryptamine,7WC4,CHEMBL39,Endogenous agonist. Efficacy reference for all Emax normalization. Not a screening negative - used as the Emax denominator.
